grupo,lago,ano,mes,temperatura,produto,focos_5km,focos_10km,lon,lat
Lagos Amazonicos,Apacu,2023,1,25.80811828254339,MOD11A2,0.0,0.0,-60.936770478577785,-2.540607874985565
Lagos Amazonicos,Apacu,2023,2,26.598280699813813,MOD11A2,0.0,0.0,-60.936770478577785,-2.540607874985565
Lagos Amazonicos,Apacu,2023,3,27.390838264845243,MOD11A2,0.0,0.0,-60.936770478577785,-2.540607874985565
Lagos Amazonicos,Apacu,2023,4,25.688651623250944,MOD11A2,0.0,0.0,-60.936770478577785,-2.540607874985565
Lagos Amazonicos,Apacu,2023,5,26.132207105064275,MOD11A2,0.0,0.0,-60.936770478577785,-2.540607874985565
Lagos Amazonicos,Apacu,2023,6,27.01373098833032,MOD11A2,0.0,0.0,-60.936770478577785,-2.540607874985565
Lagos Amazonicos,Apacu,2023,7,27.777047729660985,MOD11A2,0.0,0.0,-60.936770478577785,-2.540607874985565
Lagos Amazonicos,Apacu,2023,8,28.165132182954498,MOD11A2,0.0,0.0,-60.936770478577785,-2.540607874985565
Lagos Amazonicos,Apacu,2023,9,28.55382187563374,MOD11A2,0.0,18.0,-60.936770478577785,-2.540607874985565
Lagos Amazonicos,Apacu,2023,10,30.95713419243038,MOD11A2,0.0,62.0,-60.936770478577785,-2.540607874985565
Lagos Amazonicos,Apacu,2023,11,29.235679534686515,MOD11A2,0.0,35.0,-60.936770478577785,-2.540607874985565
Lagos Amazonicos,Apacu,2023,12,28.50309164316136,MOD11A2,0.0,0.0,-60.936770478577785,-2.540607874985565
Lagos Amazonicos,Cabaliana,2023,1,27.425544393197743,MOD11A2,0.0,0.0,-60.84262379066265,-3.3093199229746606
Lagos Amazonicos,Cabaliana,2023,2,26.918262219513153,MOD11A2,0.0,0.0,-60.84262379066265,-3.3093199229746606
Lagos Amazonicos,Cabaliana,2023,3,27.323784789258895,MOD11A2,0.0,0.0,-60.84262379066265,-3.3093199229746606
Lagos Amazonicos,Cabaliana,2023,4,26.02359501497218,MOD11A2,0.0,0.0,-60.84262379066265,-3.3093199229746606
Lagos Amazonicos,Cabaliana,2023,5,25.846859129765356,MOD11A2,0.0,0.0,-60.84262379066265,-3.3093199229746606
Lagos Amazonicos,Cabaliana,2023,6,26.56795717883393,MOD11A2,0.0,0.0,-60.84262379066265,-3.3093199229746606
Lagos Amazonicos,Cabaliana,2023,7,27.599182424867553,MOD11A2,0.0,0.0,-60.84262379066265,-3.3093199229746606
Lagos Amazonicos,Cabaliana,2023,8,28.529382322604587,MOD11A2,0.0,0.0,-60.84262379066265,-3.3093199229746606
Lagos Amazonicos,Cabaliana,2023,9,30.5098558473578,MOD11A2,564.0,729.0,-60.84262379066265,-3.3093199229746606
Lagos Amazonicos,Cabaliana,2023,10,31.648364438332237,MOD11A2,508.0,790.0,-60.84262379066265,-3.3093199229746606
Lagos Amazonicos,Cabaliana,2023,11,30.488767510336512,MOD11A2,71.0,118.0,-60.84262379066265,-3.3093199229746606
Lagos Amazonicos,Cabaliana,2023,12,29.45679308490478,MOD11A2,0.0,0.0,-60.84262379066265,-3.3093199229746606
Lagos Amazonicos,Calado,2023,1,27.02254455445548,MOD11A2,0.0,0.0,-60.568818481000775,-3.306095943697886
Lagos Amazonicos,Calado,2023,2,26.725429042904324,MOD11A2,0.0,0.0,-60.568818481000775,-3.306095943697886
Lagos Amazonicos,Calado,2023,3,28.02144884488452,MOD11A2,0.0,0.0,-60.568818481000775,-3.306095943697886
Lagos Amazonicos,Calado,2023,4,26.303851485148556,MOD11A2,0.0,0.0,-60.568818481000775,-3.306095943697886
Lagos Amazonicos,Calado,2023,5,27.152369636963723,MOD11A2,0.0,0.0,-60.568818481000775,-3.306095943697886
Lagos Amazonicos,Calado,2023,6,26.524575907590787,MOD11A2,0.0,0.0,-60.568818481000775,-3.306095943697886
Lagos Amazonicos,Calado,2023,7,27.902633663366366,MOD11A2,0.0,0.0,-60.568818481000775,-3.306095943697886
Lagos Amazonicos,Calado,2023,8,29.092386138613893,MOD11A2,0.0,0.0,-60.568818481000775,-3.306095943697886
Lagos Amazonicos,Calado,2023,9,30.829346534653492,MOD11A2,1.0,27.0,-60.568818481000775,-3.306095943697886
Lagos Amazonicos,Calado,2023,10,33.49550825082511,MOD11A2,20.0,60.0,-60.568818481000775,-3.306095943697886
Lagos Amazonicos,Calado,2023,11,32.506247524752524,MOD11A2,9.0,39.0,-60.568818481000775,-3.306095943697886
Lagos Amazonicos,Calado,2023,12,27.232623762376267,MOD11A2,0.0,3.0,-60.568818481000775,-3.306095943697886
Lagos Amazonicos,Tapajos,2023,1,25.88841674459229,MOD11A2,0.0,0.0,-55.1072134372849,-2.848913815416858
Lagos Amazonicos,Tapajos,2023,2,25.83033385204262,MOD11A2,0.0,0.0,-55.1072134372849,-2.848913815416858
Lagos Amazonicos,Tapajos,2023,3,23.873778316210426,MOD11A2,0.0,0.0,-55.1072134372849,-2.848913815416858
Lagos Amazonicos,Tapajos,2023,4,25.799060758374797,MOD11A2,0.0,0.0,-55.1072134372849,-2.848913815416858
Lagos Amazonicos,Tapajos,2023,5,26.138018567328984,MOD11A2,0.0,0.0,-55.1072134372849,-2.848913815416858
Lagos Amazonicos,Tapajos,2023,6,26.604161387977697,MOD11A2,0.0,0.0,-55.1072134372849,-2.848913815416858
Lagos Amazonicos,Tapajos,2023,7,27.26374637463173,MOD11A2,0.0,0.0,-55.1072134372849,-2.848913815416858
Lagos Amazonicos,Tapajos,2023,8,27.90948866192037,MOD11A2,0.0,0.0,-55.1072134372849,-2.848913815416858
Lagos Amazonicos,Tapajos,2023,9,28.167851365869772,MOD11A2,671.0,1008.0,-55.1072134372849,-2.848913815416858
Lagos Amazonicos,Tapajos,2023,10,28.982480358311104,MOD11A2,1338.0,2476.0,-55.1072134372849,-2.848913815416858
Lagos Amazonicos,Tapajos,2023,11,28.510261976727104,MOD11A2,1061.0,1695.0,-55.1072134372849,-2.848913815416858
Lagos Amazonicos,Tapajos,2023,12,28.046362231230866,MOD11A2,346.0,574.0,-55.1072134372849,-2.848913815416858
Lagos Amazonicos,Amana,2023,1,26.939384102900775,MOD11A2,0.0,0.0,-64.70111559732096,-2.5342197005214517
Lagos Amazonicos,Amana,2023,2,26.957527244875635,MOD11A2,0.0,0.0,-64.70111559732096,-2.5342197005214517
Lagos Amazonicos,Amana,2023,3,26.426240717776654,MOD11A2,0.0,0.0,-64.70111559732096,-2.5342197005214517
Lagos Amazonicos,Amana,2023,4,26.6435682236482,MOD11A2,0.0,0.0,-64.70111559732096,-2.5342197005214517
Lagos Amazonicos,Amana,2023,5,25.059076061642152,MOD11A2,0.0,0.0,-64.70111559732096,-2.5342197005214517
Lagos Amazonicos,Amana,2023,6,25.873140175553782,MOD11A2,0.0,0.0,-64.70111559732096,-2.5342197005214517
Lagos Amazonicos,Amana,2023,7,26.633286575728874,MOD11A2,0.0,0.0,-64.70111559732096,-2.5342197005214517
Lagos Amazonicos,Amana,2023,8,28.045592822233555,MOD11A2,0.0,0.0,-64.70111559732096,-2.5342197005214517
Lagos Amazonicos,Amana,2023,9,29.433617039900813,MOD11A2,222.0,232.0,-64.70111559732096,-2.5342197005214517
Lagos Amazonicos,Amana,2023,10,30.42469608772828,MOD11A2,136.0,137.0,-64.70111559732096,-2.5342197005214517
Lagos Amazonicos,Amana,2023,11,29.397346293189408,MOD11A2,11.0,18.0,-64.70111559732096,-2.5342197005214517
Lagos Amazonicos,Amana,2023,12,27.81292236243832,MOD11A2,0.0,0.0,-64.70111559732096,-2.5342197005214517
Lagos Amazonicos,Castanho,2023,1,27.56596470588238,MOD11A2,0.0,0.0,-60.46003789108716,-3.7629692354957673
Lagos Amazonicos,Castanho,2023,2,26.74405600008786,MOD11A2,0.0,0.0,-60.46003789108716,-3.7629692354957673
Lagos Amazonicos,Castanho,2023,3,26.499223366013098,MOD11A2,0.0,0.0,-60.46003789108716,-3.7629692354957673
Lagos Amazonicos,Castanho,2023,4,26.765650980392188,MOD11A2,0.0,0.0,-60.46003789108716,-3.7629692354957673
Lagos Amazonicos,Castanho,2023,5,25.967946623093724,MOD11A2,0.0,0.0,-60.46003789108716,-3.7629692354957673
Lagos Amazonicos,Castanho,2023,6,27.006571786492408,MOD11A2,0.0,0.0,-60.46003789108716,-3.7629692354957673
Lagos Amazonicos,Castanho,2023,7,27.744978267973877,MOD11A2,0.0,0.0,-60.46003789108716,-3.7629692354957673
Lagos Amazonicos,Castanho,2023,8,28.883825490196124,MOD11A2,0.0,0.0,-60.46003789108716,-3.7629692354957673
Lagos Amazonicos,Castanho,2023,9,29.38874281045756,MOD11A2,535.0,1058.0,-60.46003789108716,-3.7629692354957673
Lagos Amazonicos,Castanho,2023,10,31.73072745098041,MOD11A2,377.0,519.0,-60.46003789108716,-3.7629692354957673
Lagos Amazonicos,Castanho,2023,11,32.29685577342051,MOD11A2,299.0,326.0,-60.46003789108716,-3.7629692354957673
Lagos Amazonicos,Castanho,2023,12,28.482576470588263,MOD11A2,9.0,20.0,-60.46003789108716,-3.7629692354957673
Lagos Amazonicos,Tefe,2023,1,29.36641199386279,MOD11A2,0.0,0.0,-64.8899772056999,-3.477477030890674
Lagos Amazonicos,Tefe,2023,2,25.930273965348253,MOD11A2,0.0,0.0,-64.8899772056999,-3.477477030890674
Lagos Amazonicos,Tefe,2023,3,26.48961736759571,MOD11A2,0.0,0.0,-64.8899772056999,-3.477477030890674
Lagos Amazonicos,Tefe,2023,4,26.90964418842229,MOD11A2,0.0,0.0,-64.8899772056999,-3.477477030890674
Lagos Amazonicos,Tefe,2023,5,25.233607287629738,MOD11A2,0.0,0.0,-64.8899772056999,-3.477477030890674
Lagos Amazonicos,Tefe,2023,6,25.74300480383216,MOD11A2,0.0,0.0,-64.8899772056999,-3.477477030890674
Lagos Amazonicos,Tefe,2023,7,26.893742171564515,MOD11A2,0.0,0.0,-64.8899772056999,-3.477477030890674
Lagos Amazonicos,Tefe,2023,8,27.892193858201573,MOD11A2,0.0,0.0,-64.8899772056999,-3.477477030890674
Lagos Amazonicos,Tefe,2023,9,31.027468865632784,MOD11A2,1644.0,2348.0,-64.8899772056999,-3.477477030890674
Lagos Amazonicos,Tefe,2023,10,31.70464536717206,MOD11A2,597.0,894.0,-64.8899772056999,-3.477477030890674
Lagos Amazonicos,Tefe,2023,11,30.17512769788479,MOD11A2,201.0,237.0,-64.8899772056999,-3.477477030890674
Lagos Amazonicos,Tefe,2023,12,28.917844174664378,MOD11A2,0.0,8.0,-64.8899772056999,-3.477477030890674
Lagos Amazonicos,Miratu,2023,1,26.980478941034924,MOD11A2,0.0,0.0,-65.16569387320483,-3.016175672854291
Lagos Amazonicos,Miratu,2023,2,27.31010750100284,MOD11A2,0.0,0.0,-65.16569387320483,-3.016175672854291
Lagos Amazonicos,Miratu,2023,3,26.812206979542758,MOD11A2,0.0,0.0,-65.16569387320483,-3.016175672854291
Lagos Amazonicos,Miratu,2023,4,30.27425190533496,MOD11A2,0.0,0.0,-65.16569387320483,-3.016175672854291
Lagos Amazonicos,Miratu,2023,5,26.438131568391526,MOD11A2,0.0,0.0,-65.16569387320483,-3.016175672854291
Lagos Amazonicos,Miratu,2023,6,25.37068953068595,MOD11A2,0.0,0.0,-65.16569387320483,-3.016175672854291
Lagos Amazonicos,Miratu,2023,7,26.99673886883276,MOD11A2,0.0,0.0,-65.16569387320483,-3.016175672854291
Lagos Amazonicos,Miratu,2023,8,28.321342960288845,MOD11A2,0.0,0.0,-65.16569387320483,-3.016175672854291
Lagos Amazonicos,Miratu,2023,9,31.359350180505448,MOD11A2,573.0,906.0,-65.16569387320483,-3.016175672854291
Lagos Amazonicos,Miratu,2023,10,32.36450461291621,MOD11A2,194.0,346.0,-65.16569387320483,-3.016175672854291
Lagos Amazonicos,Miratu,2023,11,30.026784596871273,MOD11A2,110.0,169.0,-65.16569387320483,-3.016175672854291
Lagos Amazonicos,Miratu,2023,12,28.203716807059788,MOD11A2,8.0,33.0,-65.16569387320483,-3.016175672854291
Lagos Amazonicos,Badajos,2023,1,26.956766018481062,MOD11A2,0.0,0.0,-62.81330962736374,-3.278296336261981
Lagos Amazonicos,Badajos,2023,2,29.774423860982463,MOD11A2,0.0,0.0,-62.81330962736374,-3.278296336261981
Lagos Amazonicos,Badajos,2023,3,25.547917013023003,MOD11A2,0.0,0.0,-62.81330962736374,-3.278296336261981
Lagos Amazonicos,Badajos,2023,4,25.59271614471191,MOD11A2,0.0,0.0,-62.81330962736374,-3.278296336261981
Lagos Amazonicos,Badajos,2023,5,25.671631635197738,MOD11A2,0.0,0.0,-62.81330962736374,-3.278296336261981
Lagos Amazonicos,Badajos,2023,6,26.654861259549556,MOD11A2,0.0,0.0,-62.81330962736374,-3.278296336261981
Lagos Amazonicos,Badajos,2023,7,27.337684880061776,MOD11A2,0.0,0.0,-62.81330962736374,-3.278296336261981
Lagos Amazonicos,Badajos,2023,8,27.92365017515736,MOD11A2,0.0,0.0,-62.81330962736374,-3.278296336261981
Lagos Amazonicos,Badajos,2023,9,29.318566876459652,MOD11A2,98.0,98.0,-62.81330962736374,-3.278296336261981
Lagos Amazonicos,Badajos,2023,10,32.49167344535491,MOD11A2,55.0,55.0,-62.81330962736374,-3.278296336261981
Lagos Amazonicos,Badajos,2023,11,29.639506368008558,MOD11A2,2.0,9.0,-62.81330962736374,-3.278296336261981
Lagos Amazonicos,Badajos,2023,12,29.601377059757798,MOD11A2,0.0,0.0,-62.81330962736374,-3.278296336261981
Lagos Amazonicos,Coari,2023,1,26.0352408251921,MOD11A2,0.0,0.0,-63.433993659320066,-4.216912117402386
Lagos Amazonicos,Coari,2023,2,29.012634610025483,MOD11A2,0.0,0.0,-63.433993659320066,-4.216912117402386
Lagos Amazonicos,Coari,2023,3,26.685497853060756,MOD11A2,0.0,0.0,-63.433993659320066,-4.216912117402386
Lagos Amazonicos,Coari,2023,4,26.297030495344526,MOD11A2,0.0,0.0,-63.433993659320066,-4.216912117402386
Lagos Amazonicos,Coari,2023,5,25.02791841340781,MOD11A2,0.0,0.0,-63.433993659320066,-4.216912117402386
Lagos Amazonicos,Coari,2023,6,26.459736178770978,MOD11A2,0.0,0.0,-63.433993659320066,-4.216912117402386
Lagos Amazonicos,Coari,2023,7,27.561650793296106,MOD11A2,0.0,0.0,-63.433993659320066,-4.216912117402386
Lagos Amazonicos,Coari,2023,8,28.0547527001863,MOD11A2,0.0,0.0,-63.433993659320066,-4.216912117402386
Lagos Amazonicos,Coari,2023,9,30.812891061452536,MOD11A2,1044.0,1328.0,-63.433993659320066,-4.216912117402386
Lagos Amazonicos,Coari,2023,10,32.07030249534452,MOD11A2,631.0,787.0,-63.433993659320066,-4.216912117402386
Lagos Amazonicos,Coari,2023,11,30.765479992551324,MOD11A2,184.0,251.0,-63.433993659320066,-4.216912117402386
Lagos Amazonicos,Coari,2023,12,30.319635962756077,MOD11A2,9.0,9.0,-63.433993659320066,-4.216912117402386
Lagos Amazonicos,Mamia,2023,1,27.04678861886723,MOD11A2,0.0,0.0,-63.076228033770256,-4.261588960827148
Lagos Amazonicos,Mamia,2023,2,27.877359322619675,MOD11A2,0.0,0.0,-63.076228033770256,-4.261588960827148
Lagos Amazonicos,Mamia,2023,3,25.955796094695,MOD11A2,0.0,0.0,-63.076228033770256,-4.261588960827148
Lagos Amazonicos,Mamia,2023,4,26.87615800933127,MOD11A2,0.0,0.0,-63.076228033770256,-4.261588960827148
Lagos Amazonicos,Mamia,2023,5,26.19363414549855,MOD11A2,0.0,0.0,-63.076228033770256,-4.261588960827148
Lagos Amazonicos,Mamia,2023,6,26.56855984102299,MOD11A2,0.0,0.0,-63.076228033770256,-4.261588960827148
Lagos Amazonicos,Mamia,2023,7,27.60209217210993,MOD11A2,0.0,0.0,-63.076228033770256,-4.261588960827148
Lagos Amazonicos,Mamia,2023,8,28.17665132192848,MOD11A2,0.0,0.0,-63.076228033770256,-4.261588960827148
Lagos Amazonicos,Mamia,2023,9,29.996562674961137,MOD11A2,353.0,504.0,-63.076228033770256,-4.261588960827148
Lagos Amazonicos,Mamia,2023,10,32.18852040781064,MOD11A2,293.0,343.0,-63.076228033770256,-4.261588960827148
Lagos Amazonicos,Mamia,2023,11,30.26380487299118,MOD11A2,166.0,194.0,-63.076228033770256,-4.261588960827148
Lagos Amazonicos,Mamia,2023,12,30.264804689247857,MOD11A2,0.0,0.0,-63.076228033770256,-4.261588960827148
Lagos Amazonicos,Piorini,2023,1,26.43527350102122,MOD11A2,0.0,0.0,-63.31169491609135,-3.503664451340556
Lagos Amazonicos,Piorini,2023,2,26.155311879515473,MOD11A2,0.0,0.0,-63.31169491609135,-3.503664451340556
Lagos Amazonicos,Piorini,2023,3,25.864383101217992,MOD11A2,0.0,0.0,-63.31169491609135,-3.503664451340556
Lagos Amazonicos,Piorini,2023,4,26.079422886637452,MOD11A2,0.0,0.0,-63.31169491609135,-3.503664451340556
Lagos Amazonicos,Piorini,2023,5,25.216409757300326,MOD11A2,0.0,0.0,-63.31169491609135,-3.503664451340556
Lagos Amazonicos,Piorini,2023,6,26.391771016834305,MOD11A2,0.0,0.0,-63.31169491609135,-3.503664451340556
Lagos Amazonicos,Piorini,2023,7,27.363118290558397,MOD11A2,0.0,0.0,-63.31169491609135,-3.503664451340556
Lagos Amazonicos,Piorini,2023,8,28.538375427019826,MOD11A2,0.0,0.0,-63.31169491609135,-3.503664451340556
Lagos Amazonicos,Piorini,2023,9,29.41294621740783,MOD11A2,70.0,79.0,-63.31169491609135,-3.503664451340556
Lagos Amazonicos,Piorini,2023,10,33.23117687134422,MOD11A2,101.0,143.0,-63.31169491609135,-3.503664451340556
Lagos Amazonicos,Piorini,2023,11,30.535314964589443,MOD11A2,51.0,51.0,-63.31169491609135,-3.503664451340556
Lagos Amazonicos,Piorini,2023,12,29.84308229167706,MOD11A2,0.0,0.0,-63.31169491609135,-3.503664451340556
Lagos Amazonicos,Janauaca,2023,1,27.135626481327275,MOD11A2,0.0,0.0,-60.28306088309961,-3.4217300493648484
Lagos Amazonicos,Janauaca,2023,2,28.347394839109196,MOD11A2,0.0,0.0,-60.28306088309961,-3.4217300493648484
Lagos Amazonicos,Janauaca,2023,3,27.140447440907078,MOD11A2,0.0,0.0,-60.28306088309961,-3.4217300493648484
Lagos Amazonicos,Janauaca,2023,4,27.09048555505734,MOD11A2,0.0,0.0,-60.28306088309961,-3.4217300493648484
Lagos Amazonicos,Janauaca,2023,5,27.16214923237889,MOD11A2,0.0,0.0,-60.28306088309961,-3.4217300493648484
Lagos Amazonicos,Janauaca,2023,6,26.827617331795956,MOD11A2,0.0,0.0,-60.28306088309961,-3.4217300493648484
Lagos Amazonicos,Janauaca,2023,7,27.792491192108162,MOD11A2,0.0,0.0,-60.28306088309961,-3.4217300493648484
Lagos Amazonicos,Janauaca,2023,8,28.990121548907837,MOD11A2,0.0,0.0,-60.28306088309961,-3.4217300493648484
Lagos Amazonicos,Janauaca,2023,9,30.31852118164544,MOD11A2,505.0,777.0,-60.28306088309961,-3.4217300493648484
Lagos Amazonicos,Janauaca,2023,10,32.68899152307134,MOD11A2,1378.0,1915.0,-60.28306088309961,-3.4217300493648484
Lagos Amazonicos,Janauaca,2023,11,32.0761179616937,MOD11A2,66.0,116.0,-60.28306088309961,-3.4217300493648484
Lagos Amazonicos,Janauaca,2023,12,28.989359853095063,MOD11A2,21.0,45.0,-60.28306088309961,-3.4217300493648484
Lagos Amazonicos,Anama,2023,1,26.148490124392545,MOD11A2,0.0,0.0,-61.600546716795776,-3.518762698164333
Lagos Amazonicos,Anama,2023,2,25.667806562246437,MOD11A2,0.0,0.0,-61.600546716795776,-3.518762698164333
Lagos Amazonicos,Anama,2023,3,27.749053237751763,MOD11A2,0.0,0.0,-61.600546716795776,-3.518762698164333
Lagos Amazonicos,Anama,2023,4,26.617060124374806,MOD11A2,0.0,0.0,-61.600546716795776,-3.518762698164333
Lagos Amazonicos,Anama,2023,5,26.72282885851256,MOD11A2,0.0,0.0,-61.600546716795776,-3.518762698164333
Lagos Amazonicos,Anama,2023,6,26.964171527375814,MOD11A2,0.0,0.0,-61.600546716795776,-3.518762698164333
Lagos Amazonicos,Anama,2023,7,27.766271205307447,MOD11A2,0.0,0.0,-61.600546716795776,-3.518762698164333
Lagos Amazonicos,Anama,2023,8,28.988550692372755,MOD11A2,0.0,0.0,-61.600546716795776,-3.518762698164333
Lagos Amazonicos,Anama,2023,9,29.769543835433428,MOD11A2,941.0,1369.0,-61.600546716795776,-3.518762698164333
Lagos Amazonicos,Anama,2023,10,31.11687920210161,MOD11A2,589.0,796.0,-61.600546716795776,-3.518762698164333
Lagos Amazonicos,Anama,2023,11,29.900337355477415,MOD11A2,97.0,121.0,-61.600546716795776,-3.518762698164333
Lagos Amazonicos,Anama,2023,12,28.929684610475377,MOD11A2,0.0,0.0,-61.600546716795776,-3.518762698164333
Lagos Amazonicos,Grande de Manacapuru,2023,1,26.437221252309975,MOD11A2,0.0,0.0,-61.47909830863021,-3.0353139328406606
Lagos Amazonicos,Grande de Manacapuru,2023,2,26.415172031813153,MOD11A2,0.0,0.0,-61.47909830863021,-3.0353139328406606
Lagos Amazonicos,Grande de Manacapuru,2023,3,26.211538842435235,MOD11A2,0.0,0.0,-61.47909830863021,-3.0353139328406606
Lagos Amazonicos,Grande de Manacapuru,2023,4,26.08720164987188,MOD11A2,0.0,0.0,-61.47909830863021,-3.0353139328406606
Lagos Amazonicos,Grande de Manacapuru,2023,5,26.03951621795464,MOD11A2,0.0,0.0,-61.47909830863021,-3.0353139328406606
Lagos Amazonicos,Grande de Manacapuru,2023,6,26.97828486324239,MOD11A2,0.0,0.0,-61.47909830863021,-3.0353139328406606
Lagos Amazonicos,Grande de Manacapuru,2023,7,27.57460925296339,MOD11A2,0.0,0.0,-61.47909830863021,-3.0353139328406606
Lagos Amazonicos,Grande de Manacapuru,2023,8,28.82648166865756,MOD11A2,0.0,0.0,-61.47909830863021,-3.0353139328406606
Lagos Amazonicos,Grande de Manacapuru,2023,9,29.71326000285871,MOD11A2,647.0,789.0,-61.47909830863021,-3.0353139328406606
Lagos Amazonicos,Grande de Manacapuru,2023,10,32.42121836299226,MOD11A2,909.0,1025.0,-61.47909830863021,-3.0353139328406606
Lagos Amazonicos,Grande de Manacapuru,2023,11,30.68800800432891,MOD11A2,102.0,220.0,-61.47909830863021,-3.0353139328406606
Lagos Amazonicos,Grande de Manacapuru,2023,12,29.058396428680844,MOD11A2,35.0,35.0,-61.47909830863021,-3.0353139328406606
Lagos Amazonicos,Rei,2023,1,26.628724038548174,MOD11A2,0.0,0.0,-59.717586692642776,-3.1547708852051457
Lagos Amazonicos,Rei,2023,2,26.195503255814003,MOD11A2,0.0,0.0,-59.717586692642776,-3.1547708852051457
Lagos Amazonicos,Rei,2023,3,26.230889579392997,MOD11A2,0.0,0.0,-59.717586692642776,-3.1547708852051457
Lagos Amazonicos,Rei,2023,4,26.736782221021368,MOD11A2,0.0,0.0,-59.717586692642776,-3.1547708852051457
Lagos Amazonicos,Rei,2023,5,26.150627127803308,MOD11A2,0.0,0.0,-59.717586692642776,-3.1547708852051457
Lagos Amazonicos,Rei,2023,6,26.893977078267163,MOD11A2,0.0,0.0,-59.717586692642776,-3.1547708852051457
Lagos Amazonicos,Rei,2023,7,27.396632396649576,MOD11A2,0.0,0.0,-59.717586692642776,-3.1547708852051457
Lagos Amazonicos,Rei,2023,8,28.80945568765203,MOD11A2,0.0,0.0,-59.717586692642776,-3.1547708852051457
Lagos Amazonicos,Rei,2023,9,29.69696609024593,MOD11A2,39.0,146.0,-59.717586692642776,-3.1547708852051457
Lagos Amazonicos,Rei,2023,10,32.150783031613095,MOD11A2,42.0,135.0,-59.717586692642776,-3.1547708852051457
Lagos Amazonicos,Rei,2023,11,30.44728492299381,MOD11A2,6.0,57.0,-59.717586692642776,-3.1547708852051457
Lagos Amazonicos,Rei,2023,12,29.185894893272117,MOD11A2,0.0,0.0,-59.717586692642776,-3.1547708852051457
Lagos Amazonicos,Canaari,2023,1,26.45046758206789,MOD11A2,0.0,0.0,-58.27061438710597,-2.9424017144745847
Lagos Amazonicos,Canaari,2023,2,27.639254573096014,MOD11A2,0.0,0.0,-58.27061438710597,-2.9424017144745847
Lagos Amazonicos,Canaari,2023,3,25.813513584033185,MOD11A2,0.0,0.0,-58.27061438710597,-2.9424017144745847
Lagos Amazonicos,Canaari,2023,4,26.565814502180064,MOD11A2,0.0,0.0,-58.27061438710597,-2.9424017144745847
Lagos Amazonicos,Canaari,2023,5,26.47892993881046,MOD11A2,0.0,0.0,-58.27061438710597,-2.9424017144745847
Lagos Amazonicos,Canaari,2023,6,26.523965648256688,MOD11A2,0.0,0.0,-58.27061438710597,-2.9424017144745847
Lagos Amazonicos,Canaari,2023,7,27.65295946021353,MOD11A2,0.0,0.0,-58.27061438710597,-2.9424017144745847
Lagos Amazonicos,Canaari,2023,8,28.671352574985907,MOD11A2,0.0,0.0,-58.27061438710597,-2.9424017144745847
Lagos Amazonicos,Canaari,2023,9,29.969385991481886,MOD11A2,690.0,823.0,-58.27061438710597,-2.9424017144745847
Lagos Amazonicos,Canaari,2023,10,33.91607111068608,MOD11A2,598.0,758.0,-58.27061438710597,-2.9424017144745847
Lagos Amazonicos,Canaari,2023,11,31.16076463117515,MOD11A2,269.0,347.0,-58.27061438710597,-2.9424017144745847
Lagos Amazonicos,Canaari,2023,12,28.763427176907946,MOD11A2,27.0,36.0,-58.27061438710597,-2.9424017144745847
Lagos Amazonicos,Agostinho,2023,1,26.927410644761572,MOD11A2,0.0,0.0,-58.41490106718791,-3.3032759323379177
Lagos Amazonicos,Agostinho,2023,2,29.183740533721547,MOD11A2,0.0,0.0,-58.41490106718791,-3.3032759323379177
Lagos Amazonicos,Agostinho,2023,3,25.636431281072557,MOD11A2,0.0,0.0,-58.41490106718791,-3.3032759323379177
Lagos Amazonicos,Agostinho,2023,4,26.254400765266954,MOD11A2,0.0,0.0,-58.41490106718791,-3.3032759323379177
Lagos Amazonicos,Agostinho,2023,5,26.258007998769457,MOD11A2,0.0,0.0,-58.41490106718791,-3.3032759323379177
Lagos Amazonicos,Agostinho,2023,6,25.82460844165003,MOD11A2,0.0,0.0,-58.41490106718791,-3.3032759323379177
Lagos Amazonicos,Agostinho,2023,7,27.229281841255226,MOD11A2,0.0,0.0,-58.41490106718791,-3.3032759323379177
Lagos Amazonicos,Agostinho,2023,8,28.704999134748515,MOD11A2,0.0,0.0,-58.41490106718791,-3.3032759323379177
Lagos Amazonicos,Agostinho,2023,9,29.565967158898673,MOD11A2,398.0,1130.0,-58.41490106718791,-3.3032759323379177
Lagos Amazonicos,Agostinho,2023,10,32.72257860970108,MOD11A2,415.0,1055.0,-58.41490106718791,-3.3032759323379177
Lagos Amazonicos,Agostinho,2023,11,30.194368398451566,MOD11A2,99.0,181.0,-58.41490106718791,-3.3032759323379177
Lagos Amazonicos,Agostinho,2023,12,29.628737598061885,MOD11A2,9.0,9.0,-58.41490106718791,-3.3032759323379177
Lagos Amazonicos,Itarim,2023,1,26.68246646247984,MOD11A2,0.0,0.0,-54.65796459087865,-2.2345600117180435
Lagos Amazonicos,Itarim,2023,2,26.63521921633681,MOD11A2,0.0,0.0,-54.65796459087865,-2.2345600117180435
Lagos Amazonicos,Itarim,2023,3,25.266872371510598,MOD11A2,0.0,0.0,-54.65796459087865,-2.2345600117180435
Lagos Amazonicos,Itarim,2023,4,25.38392342817003,MOD11A2,0.0,0.0,-54.65796459087865,-2.2345600117180435
Lagos Amazonicos,Itarim,2023,5,25.61892894031239,MOD11A2,0.0,0.0,-54.65796459087865,-2.2345600117180435
Lagos Amazonicos,Itarim,2023,6,26.214737347285848,MOD11A2,0.0,0.0,-54.65796459087865,-2.2345600117180435
Lagos Amazonicos,Itarim,2023,7,26.702712704357936,MOD11A2,0.0,0.0,-54.65796459087865,-2.2345600117180435
Lagos Amazonicos,Itarim,2023,8,27.46802632265339,MOD11A2,0.0,0.0,-54.65796459087865,-2.2345600117180435
Lagos Amazonicos,Itarim,2023,9,29.020846835473883,MOD11A2,68.0,357.0,-54.65796459087865,-2.2345600117180435
Lagos Amazonicos,Itarim,2023,10,31.124942878903312,MOD11A2,223.0,496.0,-54.65796459087865,-2.2345600117180435
Lagos Amazonicos,Itarim,2023,11,31.109848494333132,MOD11A2,98.0,304.0,-54.65796459087865,-2.2345600117180435
Lagos Amazonicos,Itarim,2023,12,29.572873669347977,MOD11A2,102.0,154.0,-54.65796459087865,-2.2345600117180435
Lagos Amazonicos,Sapucu,2023,1,27.579164510089587,MOD11A2,0.0,0.0,-56.1674582160932,-1.8965261215678944
Lagos Amazonicos,Sapucu,2023,2,26.524816396296842,MOD11A2,0.0,0.0,-56.1674582160932,-1.8965261215678944
Lagos Amazonicos,Sapucu,2023,3,26.502124484518085,MOD11A2,0.0,0.0,-56.1674582160932,-1.8965261215678944
Lagos Amazonicos,Sapucu,2023,4,27.14834013229381,MOD11A2,0.0,0.0,-56.1674582160932,-1.8965261215678944
Lagos Amazonicos,Sapucu,2023,5,26.1819279183108,MOD11A2,0.0,0.0,-56.1674582160932,-1.8965261215678944
Lagos Amazonicos,Sapucu,2023,6,26.67614537067045,MOD11A2,0.0,0.0,-56.1674582160932,-1.8965261215678944
Lagos Amazonicos,Sapucu,2023,7,27.87740306715726,MOD11A2,0.0,0.0,-56.1674582160932,-1.8965261215678944
Lagos Amazonicos,Sapucu,2023,8,29.181245877733105,MOD11A2,0.0,0.0,-56.1674582160932,-1.8965261215678944
Lagos Amazonicos,Sapucu,2023,9,30.390823945049185,MOD11A2,269.0,478.0,-56.1674582160932,-1.8965261215678944
Lagos Amazonicos,Sapucu,2023,10,34.97454678892089,MOD11A2,1174.0,1834.0,-56.1674582160932,-1.8965261215678944
Lagos Amazonicos,Sapucu,2023,11,34.66397300749158,MOD11A2,682.0,1034.0,-56.1674582160932,-1.8965261215678944
Lagos Amazonicos,Sapucu,2023,12,33.484009300025534,MOD11A2,147.0,233.0,-56.1674582160932,-1.8965261215678944
Lagos Amazonicos,Curumu,2023,1,27.463417474091397,MOD11A2,0.0,0.0,-54.955135411766555,-1.975851269127812
Lagos Amazonicos,Curumu,2023,2,27.558537753116514,MOD11A2,0.0,0.0,-54.955135411766555,-1.975851269127812
Lagos Amazonicos,Curumu,2023,3,25.833877442712218,MOD11A2,0.0,0.0,-54.955135411766555,-1.975851269127812
Lagos Amazonicos,Curumu,2023,4,27.05883580034794,MOD11A2,0.0,0.0,-54.955135411766555,-1.975851269127812
Lagos Amazonicos,Curumu,2023,5,26.464573697789437,MOD11A2,0.0,0.0,-54.955135411766555,-1.975851269127812
Lagos Amazonicos,Curumu,2023,6,26.656690023172676,MOD11A2,0.0,0.0,-54.955135411766555,-1.975851269127812
Lagos Amazonicos,Curumu,2023,7,27.588109673114058,MOD11A2,0.0,0.0,-54.955135411766555,-1.975851269127812
Lagos Amazonicos,Curumu,2023,8,28.477068298732174,MOD11A2,0.0,0.0,-54.955135411766555,-1.975851269127812
Lagos Amazonicos,Curumu,2023,9,30.47934405613276,MOD11A2,706.0,1355.0,-54.955135411766555,-1.975851269127812
Lagos Amazonicos,Curumu,2023,10,33.74793341775658,MOD11A2,1533.0,3145.0,-54.955135411766555,-1.975851269127812
Lagos Amazonicos,Curumu,2023,11,33.44535842209165,MOD11A2,1178.0,2416.0,-54.955135411766555,-1.975851269127812
Lagos Amazonicos,Curumu,2023,12,32.687353166084456,MOD11A2,661.0,1157.0,-54.955135411766555,-1.975851269127812
Lagos Amazonicos,Camapu,2023,1,26.75534869725963,MOD11A2,0.0,0.0,-53.80492202848691,-2.108636485646041
Lagos Amazonicos,Camapu,2023,2,26.00845923899447,MOD11A2,0.0,0.0,-53.80492202848691,-2.108636485646041
Lagos Amazonicos,Camapu,2023,3,26.060993843763477,MOD11A2,0.0,0.0,-53.80492202848691,-2.108636485646041
Lagos Amazonicos,Camapu,2023,4,26.688140484074747,MOD11A2,0.0,0.0,-53.80492202848691,-2.108636485646041
Lagos Amazonicos,Camapu,2023,5,25.785686544815253,MOD11A2,0.0,0.0,-53.80492202848691,-2.108636485646041
Lagos Amazonicos,Camapu,2023,6,26.193215905419954,MOD11A2,0.0,0.0,-53.80492202848691,-2.108636485646041
Lagos Amazonicos,Camapu,2023,7,27.272581935232182,MOD11A2,0.0,0.0,-53.80492202848691,-2.108636485646041
Lagos Amazonicos,Camapu,2023,8,27.76626235006859,MOD11A2,0.0,0.0,-53.80492202848691,-2.108636485646041
Lagos Amazonicos,Camapu,2023,9,28.656690569686933,MOD11A2,71.0,140.0,-53.80492202848691,-2.108636485646041
Lagos Amazonicos,Camapu,2023,10,31.53813422190895,MOD11A2,985.0,2763.0,-53.80492202848691,-2.108636485646041
Lagos Amazonicos,Camapu,2023,11,32.704194293062166,MOD11A2,831.0,1955.0,-53.80492202848691,-2.108636485646041
Lagos Amazonicos,Camapu,2023,12,33.575273327204656,MOD11A2,454.0,736.0,-53.80492202848691,-2.108636485646041
Lagos Amazonicos,Grande do Curuai,2023,1,27.02665734820852,MOD11A2,0.0,0.0,-55.511751592983124,-2.154355968473251
Lagos Amazonicos,Grande do Curuai,2023,2,27.085490389404704,MOD11A2,0.0,0.0,-55.511751592983124,-2.154355968473251
Lagos Amazonicos,Grande do Curuai,2023,3,25.716016774833747,MOD11A2,0.0,0.0,-55.511751592983124,-2.154355968473251
Lagos Amazonicos,Grande do Curuai,2023,4,26.353226705919504,MOD11A2,0.0,0.0,-55.511751592983124,-2.154355968473251
Lagos Amazonicos,Grande do Curuai,2023,5,25.79138512318405,MOD11A2,0.0,0.0,-55.511751592983124,-2.154355968473251
Lagos Amazonicos,Grande do Curuai,2023,6,26.59782796922353,MOD11A2,0.0,0.0,-55.511751592983124,-2.154355968473251
Lagos Amazonicos,Grande do Curuai,2023,7,27.601275574762468,MOD11A2,0.0,0.0,-55.511751592983124,-2.154355968473251
Lagos Amazonicos,Grande do Curuai,2023,8,28.419018158719147,MOD11A2,0.0,0.0,-55.511751592983124,-2.154355968473251
Lagos Amazonicos,Grande do Curuai,2023,9,29.773609281406547,MOD11A2,338.0,617.0,-55.511751592983124,-2.154355968473251
Lagos Amazonicos,Grande do Curuai,2023,10,32.913151652601556,MOD11A2,1272.0,2378.0,-55.511751592983124,-2.154355968473251
Lagos Amazonicos,Grande do Curuai,2023,11,32.19199777374134,MOD11A2,1097.0,2003.0,-55.511751592983124,-2.154355968473251
Lagos Amazonicos,Grande do Curuai,2023,12,32.392277931326845,MOD11A2,677.0,899.0,-55.511751592983124,-2.154355968473251
Lagos Amazonicos,Grande de Monte Alegre,2023,1,26.396161800142618,MOD11A2,0.0,0.0,-54.245868832525744,-2.2430458469510817
Lagos Amazonicos,Grande de Monte Alegre,2023,2,25.87188318773149,MOD11A2,0.0,0.0,-54.245868832525744,-2.2430458469510817
Lagos Amazonicos,Grande de Monte Alegre,2023,3,24.798422222019603,MOD11A2,0.0,0.0,-54.245868832525744,-2.2430458469510817
Lagos Amazonicos,Grande de Monte Alegre,2023,4,25.64207873960769,MOD11A2,0.0,0.0,-54.245868832525744,-2.2430458469510817
Lagos Amazonicos,Grande de Monte Alegre,2023,5,25.31465513840138,MOD11A2,0.0,0.0,-54.245868832525744,-2.2430458469510817
Lagos Amazonicos,Grande de Monte Alegre,2023,6,25.892115854741125,MOD11A2,0.0,0.0,-54.245868832525744,-2.2430458469510817
Lagos Amazonicos,Grande de Monte Alegre,2023,7,26.591751023158203,MOD11A2,0.0,0.0,-54.245868832525744,-2.2430458469510817
Lagos Amazonicos,Grande de Monte Alegre,2023,8,27.185537095459853,MOD11A2,0.0,0.0,-54.245868832525744,-2.2430458469510817
Lagos Amazonicos,Grande de Monte Alegre,2023,9,28.431427557971382,MOD11A2,486.0,906.0,-54.245868832525744,-2.2430458469510817
Lagos Amazonicos,Grande de Monte Alegre,2023,10,31.081947208288714,MOD11A2,549.0,806.0,-54.245868832525744,-2.2430458469510817
Lagos Amazonicos,Grande de Monte Alegre,2023,11,31.643684219311684,MOD11A2,461.0,750.0,-54.245868832525744,-2.2430458469510817
Lagos Amazonicos,Grande de Monte Alegre,2023,12,31.23588551529452,MOD11A2,335.0,545.0,-54.245868832525744,-2.2430458469510817
Tocantins-Araguaia,Ilha do Bananal,2023,1,29.485738779229404,MOD11A2,0.0,0.0,-50.17810604286266,-10.9594767861029
Tocantins-Araguaia,Ilha do Bananal,2023,2,28.92447058708734,MOD11A2,0.0,0.0,-50.17810604286266,-10.9594767861029
Tocantins-Araguaia,Ilha do Bananal,2023,3,29.334142509303426,MOD11A2,0.0,0.0,-50.17810604286266,-10.9594767861029
Tocantins-Araguaia,Ilha do Bananal,2023,4,28.4762518220289,MOD11A2,0.0,0.0,-50.17810604286266,-10.9594767861029
Tocantins-Araguaia,Ilha do Bananal,2023,5,28.696381687089897,MOD11A2,0.0,0.0,-50.17810604286266,-10.9594767861029
Tocantins-Araguaia,Ilha do Bananal,2023,6,28.11612570985944,MOD11A2,0.0,0.0,-50.17810604286266,-10.9594767861029
Tocantins-Araguaia,Ilha do Bananal,2023,7,29.479980297319102,MOD11A2,0.0,0.0,-50.17810604286266,-10.9594767861029
Tocantins-Araguaia,Ilha do Bananal,2023,8,31.979034050736097,MOD11A2,0.0,0.0,-50.17810604286266,-10.9594767861029
Tocantins-Araguaia,Ilha do Bananal,2023,9,36.44391942992076,MOD11A2,9170.0,10577.0,-50.17810604286266,-10.9594767861029
Tocantins-Araguaia,Ilha do Bananal,2023,10,35.330943942307485,MOD11A2,133.0,220.0,-50.17810604286266,-10.9594767861029
Tocantins-Araguaia,Ilha do Bananal,2023,11,34.15020216827068,MOD11A2,33.0,83.0,-50.17810604286266,-10.9594767861029
Tocantins-Araguaia,Ilha do Bananal,2023,12,31.616203717464323,MOD11A2,0.0,18.0,-50.17810604286266,-10.9594767861029
Tocantins-Araguaia,Lago - Luis Alves,2023,1,27.793079268292715,MOD11A2,0.0,0.0,-50.57501686672327,-13.226054462653508
Tocantins-Araguaia,Lago - Luis Alves,2023,2,27.412896341463448,MOD11A2,0.0,0.0,-50.57501686672327,-13.226054462653508
Tocantins-Araguaia,Lago - Luis Alves,2023,3,28.485975609756128,MOD11A2,0.0,0.0,-50.57501686672327,-13.226054462653508
Tocantins-Araguaia,Lago - Luis Alves,2023,4,28.725772357723592,MOD11A2,0.0,0.0,-50.57501686672327,-13.226054462653508
Tocantins-Araguaia,Lago - Luis Alves,2023,5,29.27881097560979,MOD11A2,0.0,0.0,-50.57501686672327,-13.226054462653508
Tocantins-Araguaia,Lago - Luis Alves,2023,6,28.06557926829271,MOD11A2,0.0,0.0,-50.57501686672327,-13.226054462653508
Tocantins-Araguaia,Lago - Luis Alves,2023,7,29.77195121951223,MOD11A2,0.0,0.0,-50.57501686672327,-13.226054462653508
Tocantins-Araguaia,Lago - Luis Alves,2023,8,31.899786585365877,MOD11A2,0.0,0.0,-50.57501686672327,-13.226054462653508
Tocantins-Araguaia,Lago - Luis Alves,2023,9,35.763993902439054,MOD11A2,43.0,391.0,-50.57501686672327,-13.226054462653508
Tocantins-Araguaia,Lago - Luis Alves,2023,10,34.704065040650434,MOD11A2,38.0,155.0,-50.57501686672327,-13.226054462653508
Tocantins-Araguaia,Lago - Luis Alves,2023,11,32.828628048780516,MOD11A2,0.0,29.0,-50.57501686672327,-13.226054462653508
Tocantins-Araguaia,Lago - Luis Alves,2023,12,33.41527439024393,MOD11A2,0.0,9.0,-50.57501686672327,-13.226054462653508
Tocantins-Araguaia,Área da Planície Alagável de São Félix do Araguaia,2023,1,26.354047619047645,MOD11A2,0.0,0.0,-50.648041444094524,-11.615027781943779
Tocantins-Araguaia,Área da Planície Alagável de São Félix do Araguaia,2023,2,26.51112135176654,MOD11A2,0.0,0.0,-50.648041444094524,-11.615027781943779
Tocantins-Araguaia,Área da Planície Alagável de São Félix do Araguaia,2023,3,27.81553336746888,MOD11A2,0.0,0.0,-50.648041444094524,-11.615027781943779
Tocantins-Araguaia,Área da Planície Alagável de São Félix do Araguaia,2023,4,28.04623143881211,MOD11A2,0.0,0.0,-50.648041444094524,-11.615027781943779
Tocantins-Araguaia,Área da Planície Alagável de São Félix do Araguaia,2023,5,28.508300051203307,MOD11A2,0.0,0.0,-50.648041444094524,-11.615027781943779
Tocantins-Araguaia,Área da Planície Alagável de São Félix do Araguaia,2023,6,28.36415514592937,MOD11A2,0.0,0.0,-50.648041444094524,-11.615027781943779
Tocantins-Araguaia,Área da Planície Alagável de São Félix do Araguaia,2023,7,29.95237071172558,MOD11A2,0.0,0.0,-50.648041444094524,-11.615027781943779
Tocantins-Araguaia,Área da Planície Alagável de São Félix do Araguaia,2023,8,32.40455453149004,MOD11A2,0.0,0.0,-50.648041444094524,-11.615027781943779
Tocantins-Araguaia,Área da Planície Alagável de São Félix do Araguaia,2023,9,33.35964669738867,MOD11A2,41.0,53.0,-50.648041444094524,-11.615027781943779
Tocantins-Araguaia,Área da Planície Alagável de São Félix do Araguaia,2023,10,34.36860385731356,MOD11A2,12.0,20.0,-50.648041444094524,-11.615027781943779
Tocantins-Araguaia,Área da Planície Alagável de São Félix do Araguaia,2023,11,33.81636542072029,MOD11A2,18.0,27.0,-50.648041444094524,-11.615027781943779
Tocantins-Araguaia,Área da Planície Alagável de São Félix do Araguaia,2023,12,31.24425499231954,MOD11A2,0.0,0.0,-50.648041444094524,-11.615027781943779
Tocantins-Araguaia,Oxbow Lakes,2023,1,27.423870938790213,MOD11A2,0.0,0.0,-50.782420730297716,-11.808843867058393
Tocantins-Araguaia,Oxbow Lakes,2023,2,27.58338090109499,MOD11A2,0.0,0.0,-50.782420730297716,-11.808843867058393
Tocantins-Araguaia,Oxbow Lakes,2023,3,28.366456650511623,MOD11A2,0.0,0.0,-50.782420730297716,-11.808843867058393
Tocantins-Araguaia,Oxbow Lakes,2023,4,28.758763238197847,MOD11A2,0.0,0.0,-50.782420730297716,-11.808843867058393
Tocantins-Araguaia,Oxbow Lakes,2023,5,28.45145665051162,MOD11A2,0.0,0.0,-50.782420730297716,-11.808843867058393
Tocantins-Araguaia,Oxbow Lakes,2023,6,28.210923532579468,MOD11A2,0.0,0.0,-50.782420730297716,-11.808843867058393
Tocantins-Araguaia,Oxbow Lakes,2023,7,29.818998384491152,MOD11A2,0.0,0.0,-50.782420730297716,-11.808843867058393
Tocantins-Araguaia,Oxbow Lakes,2023,8,32.9098626817448,MOD11A2,0.0,0.0,-50.782420730297716,-11.808843867058393
Tocantins-Araguaia,Oxbow Lakes,2023,9,34.20121970920844,MOD11A2,0.0,38.0,-50.782420730297716,-11.808843867058393
Tocantins-Araguaia,Oxbow Lakes,2023,10,35.53511936815658,MOD11A2,54.0,334.0,-50.782420730297716,-11.808843867058393
Tocantins-Araguaia,Oxbow Lakes,2023,11,33.85377939328671,MOD11A2,15.0,77.0,-50.782420730297716,-11.808843867058393
Tocantins-Araguaia,Oxbow Lakes,2023,12,33.01820409262255,MOD11A2,50.0,77.0,-50.782420730297716,-11.808843867058393
Tocantins-Araguaia,Confluência com Rio Vermelho,2023,1,26.345000000000027,MOD11A2,0.0,0.0,-49.23120102279618,-5.548327197317255
Tocantins-Araguaia,Confluência com Rio Vermelho,2023,2,26.410000000000025,MOD11A2,0.0,0.0,-49.23120102279618,-5.548327197317255
Tocantins-Araguaia,Confluência com Rio Vermelho,2023,3,27.370000000000033,MOD11A2,0.0,0.0,-49.23120102279618,-5.548327197317255
Tocantins-Araguaia,Confluência com Rio Vermelho,2023,4,29.49000000000001,MOD11A2,0.0,0.0,-49.23120102279618,-5.548327197317255
Tocantins-Araguaia,Confluência com Rio Vermelho,2023,5,26.810000000000016,MOD11A2,0.0,0.0,-49.23120102279618,-5.548327197317255
Tocantins-Araguaia,Confluência com Rio Vermelho,2023,6,29.615000000000023,MOD11A2,0.0,0.0,-49.23120102279618,-5.548327197317255
Tocantins-Araguaia,Confluência com Rio Vermelho,2023,7,31.040000000000035,MOD11A2,0.0,0.0,-49.23120102279618,-5.548327197317255
Tocantins-Araguaia,Confluência com Rio Vermelho,2023,8,33.11500000000004,MOD11A2,0.0,0.0,-49.23120102279618,-5.548327197317255
Tocantins-Araguaia,Confluência com Rio Vermelho,2023,9,32.88500000000003,MOD11A2,17.0,29.0,-49.23120102279618,-5.548327197317255
Tocantins-Araguaia,Confluência com Rio Vermelho,2023,10,31.243333333333357,MOD11A2,6.0,40.0,-49.23120102279618,-5.548327197317255
Tocantins-Araguaia,Confluência com Rio Vermelho,2023,11,32.12000000000003,MOD11A2,9.0,52.0,-49.23120102279618,-5.548327197317255
Tocantins-Araguaia,Confluência com Rio Vermelho,2023,12,29.77000000000004,MOD11A2,0.0,12.0,-49.23120102279618,-5.548327197317255
Tocantins-Araguaia,Região de Aruanã,2023,1,27.206600620353893,MOD11A2,0.0,0.0,-50.94179327606171,-14.511827895447103
Tocantins-Araguaia,Região de Aruanã,2023,2,30.427372538959663,MOD11A2,0.0,0.0,-50.94179327606171,-14.511827895447103
Tocantins-Araguaia,Região de Aruanã,2023,3,30.03760592359804,MOD11A2,0.0,0.0,-50.94179327606171,-14.511827895447103
Tocantins-Araguaia,Região de Aruanã,2023,4,29.683815707902966,MOD11A2,0.0,0.0,-50.94179327606171,-14.511827895447103
Tocantins-Araguaia,Região de Aruanã,2023,5,29.125626402872975,MOD11A2,0.0,0.0,-50.94179327606171,-14.511827895447103
Tocantins-Araguaia,Região de Aruanã,2023,6,28.901855159366253,MOD11A2,0.0,0.0,-50.94179327606171,-14.511827895447103
Tocantins-Araguaia,Região de Aruanã,2023,7,30.361474539857483,MOD11A2,0.0,0.0,-50.94179327606171,-14.511827895447103
Tocantins-Araguaia,Região de Aruanã,2023,8,32.629539055986534,MOD11A2,0.0,0.0,-50.94179327606171,-14.511827895447103
Tocantins-Araguaia,Região de Aruanã,2023,9,35.196549306312455,MOD11A2,208.0,255.0,-50.94179327606171,-14.511827895447103
Tocantins-Araguaia,Região de Aruanã,2023,10,35.93166762863659,MOD11A2,187.0,295.0,-50.94179327606171,-14.511827895447103
Tocantins-Araguaia,Região de Aruanã,2023,11,35.030552491502455,MOD11A2,104.0,135.0,-50.94179327606171,-14.511827895447103
Tocantins-Araguaia,Região de Aruanã,2023,12,35.181803159537225,MOD11A2,124.0,204.0,-50.94179327606171,-14.511827895447103
